ID,nombre,rareza,tipo1,tipo2,hp,atk,def,spatk,spdef,speed,total,generacion
1,bulbasaur,ordinary,planta,veneno,45,49,49,65,65,45,318,generation-i
2,ivysaur,ordinary,planta,veneno,60,62,63,80,80,60,405,generation-i
3,venusaur,ordinary,planta,veneno,80,82,83,100,100,80,525,generation-i
4,charmander,ordinary,fuego,,39,52,43,60,50,65,309,generation-i
5,charmeleon,ordinary,fuego,,58,64,58,80,65,80,405,generation-i
6,charizard,ordinary,fuego,volador,78,84,78,109,85,100,534,generation-i
7,squirtle,ordinary,agua,,44,48,65,50,64,43,314,generation-i
8,wartortle,ordinary,agua,,59,63,80,65,80,58,405,generation-i
9,blastoise,ordinary,agua,,79,83,100,85,105,78,530,generation-i
10,caterpie,ordinary,bicho,,45,30,35,20,20,45,195,generation-i
11,metapod,ordinary,bicho,,50,20,55,25,25,30,205,generation-i
12,butterfree,ordinary,bicho,volador,60,45,50,90,80,70,395,generation-i
13,weedle,ordinary,bicho,veneno,40,35,30,20,20,50,195,generation-i
14,kakuna,ordinary,bicho,veneno,45,25,50,25,25,35,205,generation-i
15,beedrill,ordinary,bicho,veneno,65,90,40,45,80,75,395,generation-i
16,pidgey,ordinary,normal,volador,40,45,40,35,35,56,251,generation-i
17,pidgeotto,ordinary,normal,volador,63,60,55,50,50,71,349,generation-i
18,pidgeot,ordinary,normal,volador,83,80,75,70,70,101,479,generation-i
19,rattata,ordinary,normal,,30,56,35,25,35,72,253,generation-i
20,raticate,ordinary,normal,,55,81,60,50,70,97,413,generation-i
21,spearow,ordinary,normal,volador,40,60,30,31,31,70,262,generation-i
22,fearow,ordinary,normal,volador,65,90,65,61,61,100,442,generation-i
23,ekans,ordinary,veneno,,35,60,44,40,54,55,288,generation-i
24,arbok,ordinary,veneno,,60,95,69,65,79,80,448,generation-i
25,pikachu,ordinary,electrico,,35,55,40,50,50,90,320,generation-i
26,raichu,ordinary,electrico,,60,90,55,90,80,110,485,generation-i
27,sandshrew,ordinary,tierra,,50,75,85,20,30,40,300,generation-i
28,sandslash,ordinary,tierra,,75,100,110,45,55,65,450,generation-i
29,nidoran-f,ordinary,veneno,,55,47,52,40,40,41,275,generation-i
30,nidorina,ordinary,veneno,,70,62,67,55,55,56,365,generation-i
31,nidoqueen,ordinary,veneno,tierra,90,92,87,75,85,76,505,generation-i
32,nidoran-m,ordinary,veneno,,46,57,40,40,40,50,273,generation-i
33,nidorino,ordinary,veneno,,61,72,57,55,55,65,365,generation-i
34,nidoking,ordinary,veneno,tierra,81,102,77,85,75,85,505,generation-i
35,clefairy,ordinary,hada,,70,45,48,60,65,35,323,generation-i
36,clefable,ordinary,hada,,95,70,73,95,90,60,483,generation-i
37,vulpix,ordinary,fuego,,38,41,40,50,65,65,299,generation-i
38,ninetales,ordinary,fuego,,73,76,75,81,100,100,505,generation-i
39,jigglypuff,ordinary,normal,hada,115,45,20,45,25,20,270,generation-i
40,wigglytuff,ordinary,normal,hada,140,70,45,85,50,45,435,generation-i
41,zubat,ordinary,veneno,volador,40,45,35,30,40,55,245,generation-i
42,golbat,ordinary,veneno,volador,75,80,70,65,75,90,455,generation-i
43,oddish,ordinary,planta,veneno,45,50,55,75,65,30,320,generation-i
44,gloom,ordinary,planta,veneno,60,65,70,85,75,40,395,generation-i
45,vileplume,ordinary,planta,veneno,75,80,85,110,90,50,490,generation-i
46,paras,ordinary,bicho,planta,35,70,55,45,55,25,285,generation-i
47,parasect,ordinary,bicho,planta,60,95,80,60,80,30,405,generation-i
48,venonat,ordinary,bicho,veneno,60,55,50,40,55,45,305,generation-i
49,venomoth,ordinary,bicho,veneno,70,65,60,90,75,90,450,generation-i
50,diglett,ordinary,tierra,,10,55,25,35,45,95,265,generation-i
51,dugtrio,ordinary,tierra,,35,100,50,50,70,120,425,generation-i
52,meowth,ordinary,normal,,40,45,35,40,40,90,290,generation-i
53,persian,ordinary,normal,,65,70,60,65,65,115,440,generation-i
54,psyduck,ordinary,agua,,50,52,48,65,50,55,320,generation-i
55,golduck,ordinary,agua,,80,82,78,95,80,85,500,generation-i
56,mankey,ordinary,lucha,,40,80,35,35,45,70,305,generation-i
57,primeape,ordinary,lucha,,65,105,60,60,70,95,455,generation-i
58,growlithe,ordinary,fuego,,55,70,45,70,50,60,350,generation-i
59,arcanine,ordinary,fuego,,90,110,80,100,80,95,555,generation-i
60,poliwag,ordinary,agua,,40,50,40,40,40,90,300,generation-i
61,poliwhirl,ordinary,agua,,65,65,65,50,50,90,385,generation-i
62,poliwrath,ordinary,agua,lucha,90,95,95,70,90,70,510,generation-i
63,abra,ordinary,psiquico,,25,20,15,105,55,90,310,generation-i
64,kadabra,ordinary,psiquico,,40,35,30,120,70,105,400,generation-i
65,alakazam,ordinary,psiquico,,55,50,45,135,95,120,500,generation-i
66,machop,ordinary,lucha,,70,80,50,35,35,35,305,generation-i
67,machoke,ordinary,lucha,,80,100,70,50,60,45,405,generation-i
68,machamp,ordinary,lucha,,90,130,80,65,85,55,505,generation-i
69,bellsprout,ordinary,planta,veneno,50,75,35,70,30,40,300,generation-i
70,weepinbell,ordinary,planta,veneno,65,90,50,85,45,55,390,generation-i
71,victreebel,ordinary,planta,veneno,80,105,65,100,70,70,490,generation-i
72,tentacool,ordinary,agua,veneno,40,40,35,50,100,70,335,generation-i
73,tentacruel,ordinary,agua,veneno,80,70,65,80,120,100,515,generation-i
74,geodude,ordinary,roca,tierra,40,80,100,30,30,20,300,generation-i
75,graveler,ordinary,roca,tierra,55,95,115,45,45,35,390,generation-i
76,golem,ordinary,roca,tierra,80,120,130,55,65,45,495,generation-i
77,ponyta,ordinary,fuego,,50,85,55,65,65,90,410,generation-i
78,rapidash,ordinary,fuego,,65,100,70,80,80,105,500,generation-i
79,slowpoke,ordinary,agua,psiquico,90,65,65,40,40,15,315,generation-i
80,slowbro,ordinary,agua,psiquico,95,75,110,100,80,30,490,generation-i
81,magnemite,ordinary,electrico,acero,25,35,70,95,55,45,325,generation-i
82,magneton,ordinary,electrico,acero,50,60,95,120,70,70,465,generation-i
83,farfetchd,ordinary,normal,volador,52,90,55,58,62,60,377,generation-i
84,doduo,ordinary,normal,volador,35,85,45,35,35,75,310,generation-i
85,dodrio,ordinary,normal,volador,60,110,70,60,60,110,470,generation-i
86,seel,ordinary,agua,,65,45,55,45,70,45,325,generation-i
87,dewgong,ordinary,agua,hielo,90,70,80,70,95,70,475,generation-i
88,grimer,ordinary,veneno,,80,80,50,40,50,25,325,generation-i
89,muk,ordinary,veneno,,105,105,75,65,100,50,500,generation-i
90,shellder,ordinary,agua,,30,65,100,45,25,40,305,generation-i
91,cloyster,ordinary,agua,hielo,50,95,180,85,45,70,525,generation-i
92,gastly,ordinary,fantasma,veneno,30,35,30,100,35,80,310,generation-i
93,haunter,ordinary,fantasma,veneno,45,50,45,115,55,95,405,generation-i
94,gengar,ordinary,fantasma,veneno,60,65,60,130,75,110,500,generation-i
95,onix,ordinary,roca,tierra,35,45,160,30,45,70,385,generation-i
96,drowzee,ordinary,psiquico,,60,48,45,43,90,42,328,generation-i
97,hypno,ordinary,psiquico,,85,73,70,73,115,67,483,generation-i
98,krabby,ordinary,agua,,30,105,90,25,25,50,325,generation-i
99,kingler,ordinary,agua,,55,130,115,50,50,75,475,generation-i
100,voltorb,ordinary,electrico,,40,30,50,55,55,100,330,generation-i
101,electrode,ordinary,electrico,,60,50,70,80,80,150,490,generation-i
102,exeggcute,ordinary,planta,psiquico,60,40,80,60,45,40,325,generation-i
103,exeggutor,ordinary,planta,psiquico,95,95,85,125,75,55,530,generation-i
104,cubone,ordinary,tierra,,50,50,95,40,50,35,320,generation-i
105,marowak,ordinary,tierra,,60,80,110,50,80,45,425,generation-i
106,hitmonlee,ordinary,lucha,,50,120,53,35,110,87,455,generation-i
107,hitmonchan,ordinary,lucha,,50,105,79,35,110,76,455,generation-i
108,lickitung,ordinary,normal,,90,55,75,60,75,30,385,generation-i
109,koffing,ordinary,veneno,,40,65,95,60,45,35,340,generation-i
110,weezing,ordinary,veneno,,65,90,120,85,70,60,490,generation-i
111,rhyhorn,ordinary,tierra,roca,80,85,95,30,30,25,345,generation-i
112,rhydon,ordinary,tierra,roca,105,130,120,45,45,40,485,generation-i
113,chansey,ordinary,normal,,250,5,5,35,105,50,450,generation-i
114,tangela,ordinary,planta,,65,55,115,100,40,60,435,generation-i
115,kangaskhan,ordinary,normal,,105,95,80,40,80,90,490,generation-i
116,horsea,ordinary,agua,,30,40,70,70,25,60,295,generation-i
117,seadra,ordinary,agua,,55,65,95,95,45,85,440,generation-i
118,goldeen,ordinary,agua,,45,67,60,35,50,63,320,generation-i
119,seaking,ordinary,agua,,80,92,65,65,80,68,450,generation-i
120,staryu,ordinary,agua,,30,45,55,70,55,85,340,generation-i
121,starmie,ordinary,agua,psiquico,60,75,85,100,85,115,520,generation-i
122,mr-mime,ordinary,psiquico,hada,40,45,65,100,120,90,460,generation-i
123,scyther,ordinary,bicho,volador,70,110,80,55,80,105,500,generation-i
124,jynx,ordinary,hielo,psiquico,65,50,35,115,95,95,455,generation-i
125,electabuzz,ordinary,electrico,,65,83,57,95,85,105,490,generation-i
126,magmar,ordinary,fuego,,65,95,57,100,85,93,495,generation-i
127,pinsir,ordinary,bicho,,65,125,100,55,70,85,500,generation-i
128,tauros,ordinary,normal,,75,100,95,40,70,110,490,generation-i
129,magikarp,ordinary,agua,,20,10,55,15,20,80,200,generation-i
130,gyarados,ordinary,agua,volador,95,125,79,60,100,81,540,generation-i
131,lapras,ordinary,agua,hielo,130,85,80,85,95,60,535,generation-i
132,ditto,ordinary,normal,,48,48,48,48,48,48,288,generation-i
133,eevee,ordinary,normal,,55,55,50,45,65,55,325,generation-i
134,vaporeon,ordinary,agua,,130,65,60,110,95,65,525,generation-i
135,jolteon,ordinary,electrico,,65,65,60,110,95,130,525,generation-i
136,flareon,ordinary,fuego,,65,130,60,95,110,65,525,generation-i
137,porygon,ordinary,normal,,65,60,70,85,75,40,395,generation-i
138,omanyte,ordinary,roca,agua,35,40,100,90,55,35,355,generation-i
139,omastar,ordinary,roca,agua,70,60,125,115,70,55,495,generation-i
140,kabuto,ordinary,roca,agua,30,80,90,55,45,55,355,generation-i
141,kabutops,ordinary,roca,agua,60,115,105,65,70,80,495,generation-i
142,aerodactyl,ordinary,roca,volador,80,105,65,60,75,130,515,generation-i
143,snorlax,ordinary,normal,,160,110,65,65,110,30,540,generation-i
144,articuno,legendary,hielo,volador,90,85,100,95,125,85,580,generation-i
145,zapdos,legendary,electrico,volador,90,90,85,125,90,100,580,generation-i
146,moltres,legendary,fuego,volador,90,100,90,125,85,90,580,generation-i
147,dratini,ordinary,dragon,,41,64,45,50,50,50,300,generation-i
148,dragonair,ordinary,dragon,,61,84,65,70,70,70,420,generation-i
149,dragonite,ordinary,dragon,volador,91,134,95,100,100,80,600,generation-i
150,mewtwo,legendary,psiquico,,106,110,90,154,90,130,680,generation-i
151,mew,mythical,psiquico,,100,100,100,100,100,100,600,generation-i
152,chikorita,ordinary,planta,,45,49,65,49,65,45,318,generation-ii
153,bayleef,ordinary,planta,,60,62,80,63,80,60,405,generation-ii
154,meganium,ordinary,planta,,80,82,100,83,100,80,525,generation-ii
155,cyndaquil,ordinary,fuego,,39,52,43,60,50,65,309,generation-ii
156,quilava,ordinary,fuego,,58,64,58,80,65,80,405,generation-ii
157,typhlosion,ordinary,fuego,,78,84,78,109,85,100,534,generation-ii
158,totodile,ordinary,agua,,50,65,64,44,48,43,314,generation-ii
159,croconaw,ordinary,agua,,65,80,80,59,63,58,405,generation-ii
160,feraligatr,ordinary,agua,,85,105,100,79,83,78,530,generation-ii
161,sentret,ordinary,normal,,35,46,34,35,45,20,215,generation-ii
162,furret,ordinary,normal,,85,76,64,45,55,90,415,generation-ii
163,hoothoot,ordinary,normal,volador,60,30,30,36,56,50,262,generation-ii
164,noctowl,ordinary,normal,volador,100,50,50,86,96,70,452,generation-ii
165,ledyba,ordinary,bicho,volador,40,20,30,40,80,55,265,generation-ii
166,ledian,ordinary,bicho,volador,55,35,50,55,110,85,390,generation-ii
167,spinarak,ordinary,bicho,veneno,40,60,40,40,40,30,250,generation-ii
168,ariados,ordinary,bicho,veneno,70,90,70,60,70,40,400,generation-ii
169,crobat,ordinary,veneno,volador,85,90,80,70,80,130,535,generation-ii
170,chinchou,ordinary,agua,electrico,75,38,38,56,56,67,330,generation-ii
171,lanturn,ordinary,agua,electrico,125,58,58,76,76,67,460,generation-ii
172,pichu,baby,electrico,,20,40,15,35,35,60,205,generation-ii
173,cleffa,baby,hada,,50,25,28,45,55,15,218,generation-ii
174,igglybuff,baby,normal,hada,90,30,15,40,20,15,210,generation-ii
175,togepi,baby,hada,,35,20,65,40,65,20,245,generation-ii
176,togetic,ordinary,hada,volador,55,40,85,80,105,40,405,generation-ii
177,natu,ordinary,psiquico,volador,40,50,45,70,45,70,320,generation-ii
178,xatu,ordinary,psiquico,volador,65,75,70,95,70,95,470,generation-ii
179,mareep,ordinary,electrico,,55,40,40,65,45,35,280,generation-ii
180,flaaffy,ordinary,electrico,,70,55,55,80,60,45,365,generation-ii
181,ampharos,ordinary,electrico,,90,75,85,115,90,55,510,generation-ii
182,bellossom,ordinary,planta,,75,80,95,90,100,50,490,generation-ii
183,marill,ordinary,agua,hada,70,20,50,20,50,40,250,generation-ii
184,azumarill,ordinary,agua,hada,100,50,80,60,80,50,420,generation-ii
185,sudowoodo,ordinary,roca,,70,100,115,30,65,30,410,generation-ii
186,politoed,ordinary,agua,,90,75,75,90,100,70,500,generation-ii
187,hoppip,ordinary,planta,volador,35,35,40,35,55,50,250,generation-ii
188,skiploom,ordinary,planta,volador,55,45,50,45,65,80,340,generation-ii
189,jumpluff,ordinary,planta,volador,75,55,70,55,95,110,460,generation-ii
190,aipom,ordinary,normal,,55,70,55,40,55,85,360,generation-ii
191,sunkern,ordinary,planta,,30,30,30,30,30,30,180,generation-ii
192,sunflora,ordinary,planta,,75,75,55,105,85,30,425,generation-ii
193,yanma,ordinary,bicho,volador,65,65,45,75,45,95,390,generation-ii
194,wooper,ordinary,agua,tierra,55,45,45,25,25,15,210,generation-ii
195,quagsire,ordinary,agua,tierra,95,85,85,65,65,35,430,generation-ii
196,espeon,ordinary,psiquico,,65,65,60,130,95,110,525,generation-ii
197,umbreon,ordinary,siniestro,,95,65,110,60,130,65,525,generation-ii
198,murkrow,ordinary,siniestro,volador,60,85,42,85,42,91,405,generation-ii
199,slowking,ordinary,agua,psiquico,95,75,80,100,110,30,490,generation-ii
200,misdreavus,ordinary,fantasma,,60,60,60,85,85,85,435,generation-ii
201,unown,ordinary,psiquico,,48,72,48,72,48,48,336,generation-ii
202,wobbuffet,ordinary,psiquico,,190,33,58,33,58,33,405,generation-ii
203,girafarig,ordinary,normal,psiquico,70,80,65,90,65,85,455,generation-ii
204,pineco,ordinary,bicho,,50,65,90,35,35,15,290,generation-ii
205,forretress,ordinary,bicho,acero,75,90,140,60,60,40,465,generation-ii
206,dunsparce,ordinary,normal,,100,70,70,65,65,45,415,generation-ii
207,gligar,ordinary,tierra,volador,65,75,105,35,65,85,430,generation-ii
208,steelix,ordinary,acero,tierra,75,85,200,55,65,30,510,generation-ii
209,snubbull,ordinary,hada,,60,80,50,40,40,30,300,generation-ii
210,granbull,ordinary,hada,,90,120,75,60,60,45,450,generation-ii
211,qwilfish,ordinary,agua,veneno,65,95,85,55,55,85,440,generation-ii
212,scizor,ordinary,bicho,acero,70,130,100,55,80,65,500,generation-ii
213,shuckle,ordinary,bicho,roca,20,10,230,10,230,5,505,generation-ii
214,heracross,ordinary,bicho,lucha,80,125,75,40,95,85,500,generation-ii
215,sneasel,ordinary,siniestro,hielo,55,95,55,35,75,115,430,generation-ii
216,teddiursa,ordinary,normal,,60,80,50,50,50,40,330,generation-ii
217,ursaring,ordinary,normal,,90,130,75,75,75,55,500,generation-ii
218,slugma,ordinary,fuego,,40,40,40,70,40,20,250,generation-ii
219,magcargo,ordinary,fuego,roca,60,50,120,90,80,30,430,generation-ii
220,swinub,ordinary,hielo,tierra,50,50,40,30,30,50,250,generation-ii
221,piloswine,ordinary,hielo,tierra,100,100,80,60,60,50,450,generation-ii
222,corsola,ordinary,agua,roca,65,55,95,65,95,35,410,generation-ii
223,remoraid,ordinary,agua,,35,65,35,65,35,65,300,generation-ii
224,octillery,ordinary,agua,,75,105,75,105,75,45,480,generation-ii
225,delibird,ordinary,hielo,volador,45,55,45,65,45,75,330,generation-ii
226,mantine,ordinary,agua,volador,85,40,70,80,140,70,485,generation-ii
227,skarmory,ordinary,acero,volador,65,80,140,40,70,70,465,generation-ii
228,houndour,ordinary,siniestro,fuego,45,60,30,80,50,65,330,generation-ii
229,houndoom,ordinary,siniestro,fuego,75,90,50,110,80,95,500,generation-ii
230,kingdra,ordinary,agua,dragon,75,95,95,95,95,85,540,generation-ii
231,phanpy,ordinary,tierra,,90,60,60,40,40,40,330,generation-ii
232,donphan,ordinary,tierra,,90,120,120,60,60,50,500,generation-ii
233,porygon2,ordinary,normal,,85,80,90,105,95,60,515,generation-ii
234,stantler,ordinary,normal,,73,95,62,85,65,85,465,generation-ii
235,smeargle,ordinary,normal,,55,20,35,20,45,75,250,generation-ii
236,tyrogue,baby,lucha,,35,35,35,35,35,35,210,generation-ii
237,hitmontop,ordinary,lucha,,50,95,95,35,110,70,455,generation-ii
238,smoochum,baby,hielo,psiquico,45,30,15,85,65,65,305,generation-ii
239,elekid,baby,electrico,,45,63,37,65,55,95,360,generation-ii
240,magby,baby,fuego,,45,75,37,70,55,83,365,generation-ii
241,miltank,ordinary,normal,,95,80,105,40,70,100,490,generation-ii
242,blissey,ordinary,normal,,255,10,10,75,135,55,540,generation-ii
243,raikou,legendary,electrico,,90,85,75,115,100,115,580,generation-ii
244,entei,legendary,fuego,,115,115,85,90,75,100,580,generation-ii
245,suicune,legendary,agua,,100,75,115,90,115,85,580,generation-ii
246,larvitar,ordinary,roca,tierra,50,64,50,45,50,41,300,generation-ii
247,pupitar,ordinary,roca,tierra,70,84,70,65,70,51,410,generation-ii
248,tyranitar,ordinary,roca,siniestro,100,134,110,95,100,61,600,generation-ii
249,lugia,legendary,psiquico,volador,106,90,130,90,154,110,680,generation-ii
250,ho-oh,legendary,fuego,volador,106,130,90,110,154,90,680,generation-ii
251,celebi,mythical,psiquico,planta,100,100,100,100,100,100,600,generation-ii
252,treecko,ordinary,planta,,40,45,35,65,55,70,310,generation-iii
253,grovyle,ordinary,planta,,50,65,45,85,65,95,405,generation-iii
254,sceptile,ordinary,planta,,70,85,65,105,85,120,530,generation-iii
255,torchic,ordinary,fuego,,45,60,40,70,50,45,310,generation-iii
256,combusken,ordinary,fuego,lucha,60,85,60,85,60,55,405,generation-iii
257,blaziken,ordinary,fuego,lucha,80,120,70,110,70,80,530,generation-iii
258,mudkip,ordinary,agua,,50,70,50,50,50,40,310,generation-iii
259,marshtomp,ordinary,agua,tierra,70,85,70,60,70,50,405,generation-iii
260,swampert,ordinary,agua,tierra,100,110,90,85,90,60,535,generation-iii
261,poochyena,ordinary,siniestro,,35,55,35,30,30,35,220,generation-iii
262,mightyena,ordinary,siniestro,,70,90,70,60,60,70,420,generation-iii
263,zigzagoon,ordinary,normal,,38,30,41,30,41,60,240,generation-iii
264,linoone,ordinary,normal,,78,70,61,50,61,100,420,generation-iii
265,wurmple,ordinary,bicho,,45,45,35,20,30,20,195,generation-iii
266,silcoon,ordinary,bicho,,50,35,55,25,25,15,205,generation-iii
267,beautifly,ordinary,bicho,volador,60,70,50,100,50,65,395,generation-iii
268,cascoon,ordinary,bicho,,50,35,55,25,25,15,205,generation-iii
269,dustox,ordinary,bicho,veneno,60,50,70,50,90,65,385,generation-iii
270,lotad,ordinary,agua,planta,40,30,30,40,50,30,220,generation-iii
271,lombre,ordinary,agua,planta,60,50,50,60,70,50,340,generation-iii
272,ludicolo,ordinary,agua,planta,80,70,70,90,100,70,480,generation-iii
273,seedot,ordinary,planta,,40,40,50,30,30,30,220,generation-iii
274,nuzleaf,ordinary,planta,siniestro,70,70,40,60,40,60,340,generation-iii
275,shiftry,ordinary,planta,siniestro,90,100,60,90,60,80,480,generation-iii
276,taillow,ordinary,normal,volador,40,55,30,30,30,85,270,generation-iii
277,swellow,ordinary,normal,volador,60,85,60,75,50,125,455,generation-iii
278,wingull,ordinary,agua,volador,40,30,30,55,30,85,270,generation-iii
279,pelipper,ordinary,agua,volador,60,50,100,95,70,65,440,generation-iii
280,ralts,ordinary,psiquico,hada,28,25,25,45,35,40,198,generation-iii
281,kirlia,ordinary,psiquico,hada,38,35,35,65,55,50,278,generation-iii
282,gardevoir,ordinary,psiquico,hada,68,65,65,125,115,80,518,generation-iii
283,surskit,ordinary,bicho,agua,40,30,32,50,52,65,269,generation-iii
284,masquerain,ordinary,bicho,volador,70,60,62,100,82,80,454,generation-iii
285,shroomish,ordinary,planta,,60,40,60,40,60,35,295,generation-iii
286,breloom,ordinary,planta,lucha,60,130,80,60,60,70,460,generation-iii
287,slakoth,ordinary,normal,,60,60,60,35,35,30,280,generation-iii
288,vigoroth,ordinary,normal,,80,80,80,55,55,90,440,generation-iii
289,slaking,ordinary,normal,,150,160,100,95,65,100,670,generation-iii
290,nincada,ordinary,bicho,tierra,31,45,90,30,30,40,266,generation-iii
291,ninjask,ordinary,bicho,volador,61,90,45,50,50,160,456,generation-iii
292,shedinja,ordinary,bicho,fantasma,1,90,45,30,30,40,236,generation-iii
293,whismur,ordinary,normal,,64,51,23,51,23,28,240,generation-iii
294,loudred,ordinary,normal,,84,71,43,71,43,48,360,generation-iii
295,exploud,ordinary,normal,,104,91,63,91,73,68,490,generation-iii
296,makuhita,ordinary,lucha,,72,60,30,20,30,25,237,generation-iii
297,hariyama,ordinary,lucha,,144,120,60,40,60,50,474,generation-iii
298,azurill,baby,normal,hada,50,20,40,20,40,20,190,generation-iii
299,nosepass,ordinary,roca,,30,45,135,45,90,30,375,generation-iii
300,skitty,ordinary,normal,,50,45,45,35,35,50,260,generation-iii
301,delcatty,ordinary,normal,,70,65,65,55,55,90,400,generation-iii
302,sableye,ordinary,siniestro,fantasma,50,75,75,65,65,50,380,generation-iii
303,mawile,ordinary,acero,hada,50,85,85,55,55,50,380,generation-iii
304,aron,ordinary,acero,roca,50,70,100,40,40,30,330,generation-iii
305,lairon,ordinary,acero,roca,60,90,140,50,50,40,430,generation-iii
306,aggron,ordinary,acero,roca,70,110,180,60,60,50,530,generation-iii
307,meditite,ordinary,lucha,psiquico,30,40,55,40,55,60,280,generation-iii
308,medicham,ordinary,lucha,psiquico,60,60,75,60,75,80,410,generation-iii
309,electrike,ordinary,electrico,,40,45,40,65,40,65,295,generation-iii
310,manectric,ordinary,electrico,,70,75,60,105,60,105,475,generation-iii
311,plusle,ordinary,electrico,,60,50,40,85,75,95,405,generation-iii
312,minun,ordinary,electrico,,60,40,50,75,85,95,405,generation-iii
313,volbeat,ordinary,bicho,,65,73,75,47,85,85,430,generation-iii
314,illumise,ordinary,bicho,,65,47,75,73,85,85,430,generation-iii
315,roselia,ordinary,planta,veneno,50,60,45,100,80,65,400,generation-iii
316,gulpin,ordinary,veneno,,70,43,53,43,53,40,302,generation-iii
317,swalot,ordinary,veneno,,100,73,83,73,83,55,467,generation-iii
318,carvanha,ordinary,agua,siniestro,45,90,20,65,20,65,305,generation-iii
319,sharpedo,ordinary,agua,siniestro,70,120,40,95,40,95,460,generation-iii
320,wailmer,ordinary,agua,,130,70,35,70,35,60,400,generation-iii
321,wailord,ordinary,agua,,170,90,45,90,45,60,500,generation-iii
322,numel,ordinary,fuego,tierra,60,60,40,65,45,35,305,generation-iii
323,camerupt,ordinary,fuego,tierra,70,100,70,105,75,40,460,generation-iii
324,torkoal,ordinary,fuego,,70,85,140,85,70,20,470,generation-iii
325,spoink,ordinary,psiquico,,60,25,35,70,80,60,330,generation-iii
326,grumpig,ordinary,psiquico,,80,45,65,90,110,80,470,generation-iii
327,spinda,ordinary,normal,,60,60,60,60,60,60,360,generation-iii
328,trapinch,ordinary,tierra,,45,100,45,45,45,10,290,generation-iii
329,vibrava,ordinary,tierra,dragon,50,70,50,50,50,70,340,generation-iii
330,flygon,ordinary,tierra,dragon,80,100,80,80,80,100,520,generation-iii
331,cacnea,ordinary,planta,,50,85,40,85,40,35,335,generation-iii
332,cacturne,ordinary,planta,siniestro,70,115,60,115,60,55,475,generation-iii
333,swablu,ordinary,normal,volador,45,40,60,40,75,50,310,generation-iii
334,altaria,ordinary,dragon,volador,75,70,90,70,105,80,490,generation-iii
335,zangoose,ordinary,normal,,73,115,60,60,60,90,458,generation-iii
336,seviper,ordinary,veneno,,73,100,60,100,60,65,458,generation-iii
337,lunatone,ordinary,roca,psiquico,90,55,65,95,85,70,460,generation-iii
338,solrock,ordinary,roca,psiquico,90,95,85,55,65,70,460,generation-iii
339,barboach,ordinary,agua,tierra,50,48,43,46,41,60,288,generation-iii
340,whiscash,ordinary,agua,tierra,110,78,73,76,71,60,468,generation-iii
341,corphish,ordinary,agua,,43,80,65,50,35,35,308,generation-iii
342,crawdaunt,ordinary,agua,siniestro,63,120,85,90,55,55,468,generation-iii
343,baltoy,ordinary,tierra,psiquico,40,40,55,40,70,55,300,generation-iii
344,claydol,ordinary,tierra,psiquico,60,70,105,70,120,75,500,generation-iii
345,lileep,ordinary,roca,planta,66,41,77,61,87,23,355,generation-iii
346,cradily,ordinary,roca,planta,86,81,97,81,107,43,495,generation-iii
347,anorith,ordinary,roca,bicho,45,95,50,40,50,75,355,generation-iii
348,armaldo,ordinary,roca,bicho,75,125,100,70,80,45,495,generation-iii
349,feebas,ordinary,agua,,20,15,20,10,55,80,200,generation-iii
350,milotic,ordinary,agua,,95,60,79,100,125,81,540,generation-iii
351,castform,ordinary,normal,,70,70,70,70,70,70,420,generation-iii
352,kecleon,ordinary,normal,,60,90,70,60,120,40,440,generation-iii
353,shuppet,ordinary,fantasma,,44,75,35,63,33,45,295,generation-iii
354,banette,ordinary,fantasma,,64,115,65,83,63,65,455,generation-iii
355,duskull,ordinary,fantasma,,20,40,90,30,90,25,295,generation-iii
356,dusclops,ordinary,fantasma,,40,70,130,60,130,25,455,generation-iii
357,tropius,ordinary,planta,volador,99,68,83,72,87,51,460,generation-iii
358,chimecho,ordinary,psiquico,,75,50,80,95,90,65,455,generation-iii
359,absol,ordinary,siniestro,,65,130,60,75,60,75,465,generation-iii
360,wynaut,baby,psiquico,,95,23,48,23,48,23,260,generation-iii
361,snorunt,ordinary,hielo,,50,50,50,50,50,50,300,generation-iii
362,glalie,ordinary,hielo,,80,80,80,80,80,80,480,generation-iii
363,spheal,ordinary,hielo,agua,70,40,50,55,50,25,290,generation-iii
364,sealeo,ordinary,hielo,agua,90,60,70,75,70,45,410,generation-iii
365,walrein,ordinary,hielo,agua,110,80,90,95,90,65,530,generation-iii
366,clamperl,ordinary,agua,,35,64,85,74,55,32,345,generation-iii
367,huntail,ordinary,agua,,55,104,105,94,75,52,485,generation-iii
368,gorebyss,ordinary,agua,,55,84,105,114,75,52,485,generation-iii
369,relicanth,ordinary,agua,roca,100,90,130,45,65,55,485,generation-iii
370,luvdisc,ordinary,agua,,43,30,55,40,65,97,330,generation-iii
371,bagon,ordinary,dragon,,45,75,60,40,30,50,300,generation-iii
372,shelgon,ordinary,dragon,,65,95,100,60,50,50,420,generation-iii
373,salamence,ordinary,dragon,volador,95,135,80,110,80,100,600,generation-iii
374,beldum,ordinary,acero,psiquico,40,55,80,35,60,30,300,generation-iii
375,metang,ordinary,acero,psiquico,60,75,100,55,80,50,420,generation-iii
376,metagross,ordinary,acero,psiquico,80,135,130,95,90,70,600,generation-iii
377,regirock,legendary,roca,,80,100,200,50,100,50,580,generation-iii
378,regice,legendary,hielo,,80,50,100,100,200,50,580,generation-iii
379,registeel,legendary,acero,,80,75,150,75,150,50,580,generation-iii
380,latias,legendary,dragon,psiquico,80,80,90,110,130,110,600,generation-iii
381,latios,legendary,dragon,psiquico,80,90,80,130,110,110,600,generation-iii
382,kyogre,legendary,agua,,100,100,90,150,140,90,670,generation-iii
383,groudon,legendary,tierra,,100,150,140,100,90,90,670,generation-iii
384,rayquaza,legendary,dragon,volador,105,150,90,150,90,95,680,generation-iii
385,jirachi,mythical,acero,psiquico,100,100,100,100,100,100,600,generation-iii
386,deoxys,mythical,psiquico,,50,150,50,150,50,150,600,generation-iii
387,turtwig,ordinary,planta,,55,68,64,45,55,31,318,generation-iv
388,grotle,ordinary,planta,,75,89,85,55,65,36,405,generation-iv
389,torterra,ordinary,planta,tierra,95,109,105,75,85,56,525,generation-iv
390,chimchar,ordinary,fuego,,44,58,44,58,44,61,309,generation-iv
391,monferno,ordinary,fuego,lucha,64,78,52,78,52,81,405,generation-iv
392,infernape,ordinary,fuego,lucha,76,104,71,104,71,108,534,generation-iv
393,piplup,ordinary,agua,,53,51,53,61,56,40,314,generation-iv
394,prinplup,ordinary,agua,,64,66,68,81,76,50,405,generation-iv
395,empoleon,ordinary,agua,acero,84,86,88,111,101,60,530,generation-iv
396,starly,ordinary,normal,volador,40,55,30,30,30,60,245,generation-iv
397,staravia,ordinary,normal,volador,55,75,50,40,40,80,340,generation-iv
398,staraptor,ordinary,normal,volador,85,120,70,50,60,100,485,generation-iv
399,bidoof,ordinary,normal,,59,45,40,35,40,31,250,generation-iv
400,bibarel,ordinary,normal,agua,79,85,60,55,60,71,410,generation-iv
401,kricketot,ordinary,bicho,,37,25,41,25,41,25,194,generation-iv
402,kricketune,ordinary,bicho,,77,85,51,55,51,65,384,generation-iv
403,shinx,ordinary,electrico,,45,65,34,40,34,45,263,generation-iv
404,luxio,ordinary,electrico,,60,85,49,60,49,60,363,generation-iv
405,luxray,ordinary,electrico,,80,120,79,95,79,70,523,generation-iv
406,budew,baby,planta,veneno,40,30,35,50,70,55,280,generation-iv
407,roserade,ordinary,planta,veneno,60,70,65,125,105,90,515,generation-iv
408,cranidos,ordinary,roca,,67,125,40,30,30,58,350,generation-iv
409,rampardos,ordinary,roca,,97,165,60,65,50,58,495,generation-iv
410,shieldon,ordinary,roca,acero,30,42,118,42,88,30,350,generation-iv
411,bastiodon,ordinary,roca,acero,60,52,168,47,138,30,495,generation-iv
412,burmy,ordinary,bicho,,40,29,45,29,45,36,224,generation-iv
413,wormadam,ordinary,bicho,planta,60,59,85,79,105,36,424,generation-iv
414,mothim,ordinary,bicho,volador,70,94,50,94,50,66,424,generation-iv
415,combee,ordinary,bicho,volador,30,30,42,30,42,70,244,generation-iv
416,vespiquen,ordinary,bicho,volador,70,80,102,80,102,40,474,generation-iv
417,pachirisu,ordinary,electrico,,60,45,70,45,90,95,405,generation-iv
418,buizel,ordinary,agua,,55,65,35,60,30,85,330,generation-iv
419,floatzel,ordinary,agua,,85,105,55,85,50,115,495,generation-iv
420,cherubi,ordinary,planta,,45,35,45,62,53,35,275,generation-iv
421,cherrim,ordinary,planta,,70,60,70,87,78,85,450,generation-iv
422,shellos,ordinary,agua,,76,48,48,57,62,34,325,generation-iv
423,gastrodon,ordinary,agua,tierra,111,83,68,92,82,39,475,generation-iv
424,ambipom,ordinary,normal,,75,100,66,60,66,115,482,generation-iv
425,drifloon,ordinary,fantasma,volador,90,50,34,60,44,70,348,generation-iv
426,drifblim,ordinary,fantasma,volador,150,80,44,90,54,80,498,generation-iv
427,buneary,ordinary,normal,,55,66,44,44,56,85,350,generation-iv
428,lopunny,ordinary,normal,,65,76,84,54,96,105,480,generation-iv
429,mismagius,ordinary,fantasma,,60,60,60,105,105,105,495,generation-iv
430,honchkrow,ordinary,siniestro,volador,100,125,52,105,52,71,505,generation-iv
431,glameow,ordinary,normal,,49,55,42,42,37,85,310,generation-iv
432,purugly,ordinary,normal,,71,82,64,64,59,112,452,generation-iv
433,chingling,baby,psiquico,,45,30,50,65,50,45,285,generation-iv
434,stunky,ordinary,veneno,siniestro,63,63,47,41,41,74,329,generation-iv
435,skuntank,ordinary,veneno,siniestro,103,93,67,71,61,84,479,generation-iv
436,bronzor,ordinary,acero,psiquico,57,24,86,24,86,23,300,generation-iv
437,bronzong,ordinary,acero,psiquico,67,89,116,79,116,33,500,generation-iv
438,bonsly,baby,roca,,50,80,95,10,45,10,290,generation-iv
439,mime-jr,baby,psiquico,hada,20,25,45,70,90,60,310,generation-iv
440,happiny,baby,normal,,100,5,5,15,65,30,220,generation-iv
441,chatot,ordinary,normal,volador,76,65,45,92,42,91,411,generation-iv
442,spiritomb,ordinary,fantasma,siniestro,50,92,108,92,108,35,485,generation-iv
443,gible,ordinary,dragon,tierra,58,70,45,40,45,42,300,generation-iv
444,gabite,ordinary,dragon,tierra,68,90,65,50,55,82,410,generation-iv
445,garchomp,ordinary,dragon,tierra,108,130,95,80,85,102,600,generation-iv
446,munchlax,baby,normal,,135,85,40,40,85,5,390,generation-iv
447,riolu,baby,lucha,,40,70,40,35,40,60,285,generation-iv
448,lucario,ordinary,lucha,acero,70,110,70,115,70,90,525,generation-iv
449,hippopotas,ordinary,tierra,,68,72,78,38,42,32,330,generation-iv
450,hippowdon,ordinary,tierra,,108,112,118,68,72,47,525,generation-iv
451,skorupi,ordinary,veneno,bicho,40,50,90,30,55,65,330,generation-iv
452,drapion,ordinary,veneno,siniestro,70,90,110,60,75,95,500,generation-iv
453,croagunk,ordinary,veneno,lucha,48,61,40,61,40,50,300,generation-iv
454,toxicroak,ordinary,veneno,lucha,83,106,65,86,65,85,490,generation-iv
455,carnivine,ordinary,planta,,74,100,72,90,72,46,454,generation-iv
456,finneon,ordinary,agua,,49,49,56,49,61,66,330,generation-iv
457,lumineon,ordinary,agua,,69,69,76,69,86,91,460,generation-iv
458,mantyke,baby,agua,volador,45,20,50,60,120,50,345,generation-iv
459,snover,ordinary,planta,hielo,60,62,50,62,60,40,334,generation-iv
460,abomasnow,ordinary,planta,hielo,90,92,75,92,85,60,494,generation-iv
461,weavile,ordinary,siniestro,hielo,70,120,65,45,85,125,510,generation-iv
462,magnezone,ordinary,electrico,acero,70,70,115,130,90,60,535,generation-iv
463,lickilicky,ordinary,normal,,110,85,95,80,95,50,515,generation-iv
464,rhyperior,ordinary,tierra,roca,115,140,130,55,55,40,535,generation-iv
465,tangrowth,ordinary,planta,,100,100,125,110,50,50,535,generation-iv
466,electivire,ordinary,electrico,,75,123,67,95,85,95,540,generation-iv
467,magmortar,ordinary,fuego,,75,95,67,125,95,83,540,generation-iv
468,togekiss,ordinary,hada,volador,85,50,95,120,115,80,545,generation-iv
469,yanmega,ordinary,bicho,volador,86,76,86,116,56,95,515,generation-iv
470,leafeon,ordinary,planta,,65,110,130,60,65,95,525,generation-iv
471,glaceon,ordinary,hielo,,65,60,110,130,95,65,525,generation-iv
472,gliscor,ordinary,tierra,volador,75,95,125,45,75,95,510,generation-iv
473,mamoswine,ordinary,hielo,tierra,110,130,80,70,60,80,530,generation-iv
474,porygon-z,ordinary,normal,,85,80,70,135,75,90,535,generation-iv
475,gallade,ordinary,psiquico,lucha,68,125,65,65,115,80,518,generation-iv
476,probopass,ordinary,roca,acero,60,55,145,75,150,40,525,generation-iv
477,dusknoir,ordinary,fantasma,,45,100,135,65,135,45,525,generation-iv
478,froslass,ordinary,hielo,fantasma,70,80,70,80,70,110,480,generation-iv
479,rotom,ordinary,electrico,fantasma,50,50,77,95,77,91,440,generation-iv
480,uxie,legendary,psiquico,,75,75,130,75,130,95,580,generation-iv
481,mesprit,legendary,psiquico,,80,105,105,105,105,80,580,generation-iv
482,azelf,legendary,psiquico,,75,125,70,125,70,115,580,generation-iv
483,dialga,legendary,acero,dragon,100,120,120,150,100,90,680,generation-iv
484,palkia,legendary,agua,dragon,90,120,100,150,120,100,680,generation-iv
485,heatran,legendary,fuego,acero,91,90,106,130,106,77,600,generation-iv
486,regigigas,legendary,normal,,110,160,110,80,110,100,670,generation-iv
487,giratina,legendary,fantasma,dragon,150,100,120,100,120,90,680,generation-iv
488,cresselia,legendary,psiquico,,120,70,110,75,120,85,580,generation-iv
489,phione,mythical,agua,,80,80,80,80,80,80,480,generation-iv
490,manaphy,mythical,agua,,100,100,100,100,100,100,600,generation-iv
491,darkrai,mythical,siniestro,,70,90,90,135,90,125,600,generation-iv
492,shaymin,mythical,planta,,100,100,100,100,100,100,600,generation-iv
493,arceus,mythical,normal,,120,120,120,120,120,120,720,generation-iv
494,victini,mythical,psiquico,fuego,100,100,100,100,100,100,600,generation-v
495,snivy,ordinary,planta,,45,45,55,45,55,63,308,generation-v
496,servine,ordinary,planta,,60,60,75,60,75,83,413,generation-v
497,serperior,ordinary,planta,,75,75,95,75,95,113,528,generation-v
498,tepig,ordinary,fuego,,65,63,45,45,45,45,308,generation-v
499,pignite,ordinary,fuego,lucha,90,93,55,70,55,55,418,generation-v
500,emboar,ordinary,fuego,lucha,110,123,65,100,65,65,528,generation-v
501,oshawott,ordinary,agua,,55,55,45,63,45,45,308,generation-v
502,dewott,ordinary,agua,,75,75,60,83,60,60,413,generation-v
503,samurott,ordinary,agua,,95,100,85,108,70,70,528,generation-v
504,patrat,ordinary,normal,,45,55,39,35,39,42,255,generation-v
505,watchog,ordinary,normal,,60,85,69,60,69,77,420,generation-v
506,lillipup,ordinary,normal,,45,60,45,25,45,55,275,generation-v
507,herdier,ordinary,normal,,65,80,65,35,65,60,370,generation-v
508,stoutland,ordinary,normal,,85,110,90,45,90,80,500,generation-v
509,purrloin,ordinary,siniestro,,41,50,37,50,37,66,281,generation-v
510,liepard,ordinary,siniestro,,64,88,50,88,50,106,446,generation-v
511,pansage,ordinary,planta,,50,53,48,53,48,64,316,generation-v
512,simisage,ordinary,planta,,75,98,63,98,63,101,498,generation-v
513,pansear,ordinary,fuego,,50,53,48,53,48,64,316,generation-v
514,simisear,ordinary,fuego,,75,98,63,98,63,101,498,generation-v
515,panpour,ordinary,agua,,50,53,48,53,48,64,316,generation-v
516,simipour,ordinary,agua,,75,98,63,98,63,101,498,generation-v
517,munna,ordinary,psiquico,,76,25,45,67,55,24,292,generation-v
518,musharna,ordinary,psiquico,,116,55,85,107,95,29,487,generation-v
519,pidove,ordinary,normal,volador,50,55,50,36,30,43,264,generation-v
520,tranquill,ordinary,normal,volador,62,77,62,50,42,65,358,generation-v
521,unfezant,ordinary,normal,volador,80,115,80,65,55,93,488,generation-v
522,blitzle,ordinary,electrico,,45,60,32,50,32,76,295,generation-v
523,zebstrika,ordinary,electrico,,75,100,63,80,63,116,497,generation-v
524,roggenrola,ordinary,roca,,55,75,85,25,25,15,280,generation-v
525,boldore,ordinary,roca,,70,105,105,50,40,20,390,generation-v
526,gigalith,ordinary,roca,,85,135,130,60,80,25,515,generation-v
527,woobat,ordinary,psiquico,volador,65,45,43,55,43,72,323,generation-v
528,swoobat,ordinary,psiquico,volador,67,57,55,77,55,114,425,generation-v
529,drilbur,ordinary,tierra,,60,85,40,30,45,68,328,generation-v
530,excadrill,ordinary,tierra,acero,110,135,60,50,65,88,508,generation-v
531,audino,ordinary,normal,,103,60,86,60,86,50,445,generation-v
532,timburr,ordinary,lucha,,75,80,55,25,35,35,305,generation-v
533,gurdurr,ordinary,lucha,,85,105,85,40,50,40,405,generation-v
534,conkeldurr,ordinary,lucha,,105,140,95,55,65,45,505,generation-v
535,tympole,ordinary,agua,,50,50,40,50,40,64,294,generation-v
536,palpitoad,ordinary,agua,tierra,75,65,55,65,55,69,384,generation-v
537,seismitoad,ordinary,agua,tierra,105,95,75,85,75,74,509,generation-v
538,throh,ordinary,lucha,,120,100,85,30,85,45,465,generation-v
539,sawk,ordinary,lucha,,75,125,75,30,75,85,465,generation-v
540,sewaddle,ordinary,bicho,planta,45,53,70,40,60,42,310,generation-v
541,swadloon,ordinary,bicho,planta,55,63,90,50,80,42,380,generation-v
542,leavanny,ordinary,bicho,planta,75,103,80,70,80,92,500,generation-v
543,venipede,ordinary,bicho,veneno,30,45,59,30,39,57,260,generation-v
544,whirlipede,ordinary,bicho,veneno,40,55,99,40,79,47,360,generation-v
545,scolipede,ordinary,bicho,veneno,60,100,89,55,69,112,485,generation-v
546,cottonee,ordinary,planta,hada,40,27,60,37,50,66,280,generation-v
547,whimsicott,ordinary,planta,hada,60,67,85,77,75,116,480,generation-v
548,petilil,ordinary,planta,,45,35,50,70,50,30,280,generation-v
549,lilligant,ordinary,planta,,70,60,75,110,75,90,480,generation-v
550,basculin,ordinary,agua,,70,92,65,80,55,98,460,generation-v
551,sandile,ordinary,tierra,siniestro,50,72,35,35,35,65,292,generation-v
552,krokorok,ordinary,tierra,siniestro,60,82,45,45,45,74,351,generation-v
553,krookodile,ordinary,tierra,siniestro,95,117,80,65,70,92,519,generation-v
554,darumaka,ordinary,fuego,,70,90,45,15,45,50,315,generation-v
555,darmanitan,ordinary,fuego,,105,140,55,30,55,95,480,generation-v
556,maractus,ordinary,planta,,75,86,67,106,67,60,461,generation-v
557,dwebble,ordinary,bicho,roca,50,65,85,35,35,55,325,generation-v
558,crustle,ordinary,bicho,roca,70,105,125,65,75,45,485,generation-v
559,scraggy,ordinary,siniestro,lucha,50,75,70,35,70,48,348,generation-v
560,scrafty,ordinary,siniestro,lucha,65,90,115,45,115,58,488,generation-v
561,sigilyph,ordinary,psiquico,volador,72,58,80,103,80,97,490,generation-v
562,yamask,ordinary,fantasma,,38,30,85,55,65,30,303,generation-v
563,cofagrigus,ordinary,fantasma,,58,50,145,95,105,30,483,generation-v
564,tirtouga,ordinary,agua,roca,54,78,103,53,45,22,355,generation-v
565,carracosta,ordinary,agua,roca,74,108,133,83,65,32,495,generation-v
566,archen,ordinary,roca,volador,55,112,45,74,45,70,401,generation-v
567,archeops,ordinary,roca,volador,75,140,65,112,65,110,567,generation-v
568,trubbish,ordinary,veneno,,50,50,62,40,62,65,329,generation-v
569,garbodor,ordinary,veneno,,80,95,82,60,82,75,474,generation-v
570,zorua,ordinary,siniestro,,40,65,40,80,40,65,330,generation-v
571,zoroark,ordinary,siniestro,,60,105,60,120,60,105,510,generation-v
572,minccino,ordinary,normal,,55,50,40,40,40,75,300,generation-v
573,cinccino,ordinary,normal,,75,95,60,65,60,115,470,generation-v
574,gothita,ordinary,psiquico,,45,30,50,55,65,45,290,generation-v
575,gothorita,ordinary,psiquico,,60,45,70,75,85,55,390,generation-v
576,gothitelle,ordinary,psiquico,,70,55,95,95,110,65,490,generation-v
577,solosis,ordinary,psiquico,,45,30,40,105,50,20,290,generation-v
578,duosion,ordinary,psiquico,,65,40,50,125,60,30,370,generation-v
579,reuniclus,ordinary,psiquico,,110,65,75,125,85,30,490,generation-v
580,ducklett,ordinary,agua,volador,62,44,50,44,50,55,305,generation-v
581,swanna,ordinary,agua,volador,75,87,63,87,63,98,473,generation-v
582,vanillite,ordinary,hielo,,36,50,50,65,60,44,305,generation-v
583,vanillish,ordinary,hielo,,51,65,65,80,75,59,395,generation-v
584,vanilluxe,ordinary,hielo,,71,95,85,110,95,79,535,generation-v
585,deerling,ordinary,normal,planta,60,60,50,40,50,75,335,generation-v
586,sawsbuck,ordinary,normal,planta,80,100,70,60,70,95,475,generation-v
587,emolga,ordinary,electrico,volador,55,75,60,75,60,103,428,generation-v
588,karrablast,ordinary,bicho,,50,75,45,40,45,60,315,generation-v
589,escavalier,ordinary,bicho,acero,70,135,105,60,105,20,495,generation-v
590,foongus,ordinary,planta,veneno,69,55,45,55,55,15,294,generation-v
591,amoonguss,ordinary,planta,veneno,114,85,70,85,80,30,464,generation-v
592,frillish,ordinary,agua,fantasma,55,40,50,65,85,40,335,generation-v
593,jellicent,ordinary,agua,fantasma,100,60,70,85,105,60,480,generation-v
594,alomomola,ordinary,agua,,165,75,80,40,45,65,470,generation-v
595,joltik,ordinary,bicho,electrico,50,47,50,57,50,65,319,generation-v
596,galvantula,ordinary,bicho,electrico,70,77,60,97,60,108,472,generation-v
597,ferroseed,ordinary,planta,acero,44,50,91,24,86,10,305,generation-v
598,ferrothorn,ordinary,planta,acero,74,94,131,54,116,20,489,generation-v
599,klink,ordinary,acero,,40,55,70,45,60,30,300,generation-v
600,klang,ordinary,acero,,60,80,95,70,85,50,440,generation-v
601,klinklang,ordinary,acero,,60,100,115,70,85,90,520,generation-v
602,tynamo,ordinary,electrico,,35,55,40,45,40,60,275,generation-v
603,eelektrik,ordinary,electrico,,65,85,70,75,70,40,405,generation-v
604,eelektross,ordinary,electrico,,85,115,80,105,80,50,515,generation-v
605,elgyem,ordinary,psiquico,,55,55,55,85,55,30,335,generation-v
606,beheeyem,ordinary,psiquico,,75,75,75,125,95,40,485,generation-v
607,litwick,ordinary,fantasma,fuego,50,30,55,65,55,20,275,generation-v
608,lampent,ordinary,fantasma,fuego,60,40,60,95,60,55,370,generation-v
609,chandelure,ordinary,fantasma,fuego,60,55,90,145,90,80,520,generation-v
610,axew,ordinary,dragon,,46,87,60,30,40,57,320,generation-v
611,fraxure,ordinary,dragon,,66,117,70,40,50,67,410,generation-v
612,haxorus,ordinary,dragon,,76,147,90,60,70,97,540,generation-v
613,cubchoo,ordinary,hielo,,55,70,40,60,40,40,305,generation-v
614,beartic,ordinary,hielo,,95,130,80,70,80,50,505,generation-v
615,cryogonal,ordinary,hielo,,80,50,50,95,135,105,515,generation-v
616,shelmet,ordinary,bicho,,50,40,85,40,65,25,305,generation-v
617,accelgor,ordinary,bicho,,80,70,40,100,60,145,495,generation-v
618,stunfisk,ordinary,tierra,electrico,109,66,84,81,99,32,471,generation-v
619,mienfoo,ordinary,lucha,,45,85,50,55,50,65,350,generation-v
620,mienshao,ordinary,lucha,,65,125,60,95,60,105,510,generation-v
621,druddigon,ordinary,dragon,,77,120,90,60,90,48,485,generation-v
622,golett,ordinary,tierra,fantasma,59,74,50,35,50,35,303,generation-v
623,golurk,ordinary,tierra,fantasma,89,124,80,55,80,55,483,generation-v
624,pawniard,ordinary,siniestro,acero,45,85,70,40,40,60,340,generation-v
625,bisharp,ordinary,siniestro,acero,65,125,100,60,70,70,490,generation-v
626,bouffalant,ordinary,normal,,95,110,95,40,95,55,490,generation-v
627,rufflet,ordinary,normal,volador,70,83,50,37,50,60,350,generation-v
628,braviary,ordinary,normal,volador,100,123,75,57,75,80,510,generation-v
629,vullaby,ordinary,siniestro,volador,70,55,75,45,65,60,370,generation-v
630,mandibuzz,ordinary,siniestro,volador,110,65,105,55,95,80,510,generation-v
631,heatmor,ordinary,fuego,,85,97,66,105,66,65,484,generation-v
632,durant,ordinary,bicho,acero,58,109,112,48,48,109,484,generation-v
633,deino,ordinary,siniestro,dragon,52,65,50,45,50,38,300,generation-v
634,zweilous,ordinary,siniestro,dragon,72,85,70,65,70,58,420,generation-v
635,hydreigon,ordinary,siniestro,dragon,92,105,90,125,90,98,600,generation-v
636,larvesta,ordinary,bicho,fuego,55,85,55,50,55,60,360,generation-v
637,volcarona,ordinary,bicho,fuego,85,60,65,135,105,100,550,generation-v
638,cobalion,legendary,acero,lucha,91,90,129,90,72,108,580,generation-v
639,terrakion,legendary,roca,lucha,91,129,90,72,90,108,580,generation-v
640,virizion,legendary,planta,lucha,91,90,72,90,129,108,580,generation-v
641,tornadus,legendary,volador,,79,115,70,125,80,111,580,generation-v
642,thundurus,legendary,electrico,volador,79,115,70,125,80,111,580,generation-v
643,reshiram,legendary,dragon,fuego,100,120,100,150,120,90,680,generation-v
644,zekrom,legendary,dragon,electrico,100,150,120,120,100,90,680,generation-v
645,landorus,legendary,tierra,volador,89,125,90,115,80,101,600,generation-v
646,kyurem,legendary,dragon,hielo,125,130,90,130,90,95,660,generation-v
647,keldeo,mythical,agua,lucha,91,72,90,129,90,108,580,generation-v
648,meloetta,mythical,normal,psiquico,100,77,77,128,128,90,600,generation-v
649,genesect,mythical,bicho,acero,71,120,95,120,95,99,600,generation-v
650,chespin,ordinary,planta,,56,61,65,48,45,38,313,generation-vi
651,quilladin,ordinary,planta,,61,78,95,56,58,57,405,generation-vi
652,chesnaught,ordinary,planta,lucha,88,107,122,74,75,64,530,generation-vi
653,fennekin,ordinary,fuego,,40,45,40,62,60,60,307,generation-vi
654,braixen,ordinary,fuego,,59,59,58,90,70,73,409,generation-vi
655,delphox,ordinary,fuego,psiquico,75,69,72,114,100,104,534,generation-vi
656,froakie,ordinary,agua,,41,56,40,62,44,71,314,generation-vi
657,frogadier,ordinary,agua,,54,63,52,83,56,97,405,generation-vi
658,greninja,ordinary,agua,siniestro,72,95,67,103,71,122,530,generation-vi
659,bunnelby,ordinary,normal,,38,36,38,32,36,57,237,generation-vi
660,diggersby,ordinary,normal,tierra,85,56,77,50,77,78,423,generation-vi
661,fletchling,ordinary,normal,volador,45,50,43,40,38,62,278,generation-vi
662,fletchinder,ordinary,fuego,volador,62,73,55,56,52,84,382,generation-vi
663,talonflame,ordinary,fuego,volador,78,81,71,74,69,126,499,generation-vi
664,scatterbug,ordinary,bicho,,38,35,40,27,25,35,200,generation-vi
665,spewpa,ordinary,bicho,,45,22,60,27,30,29,213,generation-vi
666,vivillon,ordinary,bicho,volador,80,52,50,90,50,89,411,generation-vi
667,litleo,ordinary,fuego,normal,62,50,58,73,54,72,369,generation-vi
668,pyroar,ordinary,fuego,normal,86,68,72,109,66,106,507,generation-vi
669,flabebe,ordinary,hada,,44,38,39,61,79,42,303,generation-vi
670,floette,ordinary,hada,,54,45,47,75,98,52,371,generation-vi
671,florges,ordinary,hada,,78,65,68,112,154,75,552,generation-vi
672,skiddo,ordinary,planta,,66,65,48,62,57,52,350,generation-vi
673,gogoat,ordinary,planta,,123,100,62,97,81,68,531,generation-vi
674,pancham,ordinary,lucha,,67,82,62,46,48,43,348,generation-vi
675,pangoro,ordinary,lucha,siniestro,95,124,78,69,71,58,495,generation-vi
676,furfrou,ordinary,normal,,75,80,60,65,90,102,472,generation-vi
677,espurr,ordinary,psiquico,,62,48,54,63,60,68,355,generation-vi
678,meowstic,ordinary,psiquico,,74,48,76,83,81,104,466,generation-vi
679,honedge,ordinary,acero,fantasma,45,80,100,35,37,28,325,generation-vi
680,doublade,ordinary,acero,fantasma,59,110,150,45,49,35,448,generation-vi
681,aegislash,ordinary,acero,fantasma,60,50,140,50,140,60,500,generation-vi
682,spritzee,ordinary,hada,,78,52,60,63,65,23,341,generation-vi
683,aromatisse,ordinary,hada,,101,72,72,99,89,29,462,generation-vi
684,swirlix,ordinary,hada,,62,48,66,59,57,49,341,generation-vi
685,slurpuff,ordinary,hada,,82,80,86,85,75,72,480,generation-vi
686,inkay,ordinary,siniestro,psiquico,53,54,53,37,46,45,288,generation-vi
687,malamar,ordinary,siniestro,psiquico,86,92,88,68,75,73,482,generation-vi
688,binacle,ordinary,roca,agua,42,52,67,39,56,50,306,generation-vi
689,barbaracle,ordinary,roca,agua,72,105,115,54,86,68,500,generation-vi
690,skrelp,ordinary,veneno,agua,50,60,60,60,60,30,320,generation-vi
691,dragalge,ordinary,veneno,dragon,65,75,90,97,123,44,494,generation-vi
692,clauncher,ordinary,agua,,50,53,62,58,63,44,330,generation-vi
693,clawitzer,ordinary,agua,,71,73,88,120,89,59,500,generation-vi
694,helioptile,ordinary,electrico,normal,44,38,33,61,43,70,289,generation-vi
695,heliolisk,ordinary,electrico,normal,62,55,52,109,94,109,481,generation-vi
696,tyrunt,ordinary,roca,dragon,58,89,77,45,45,48,362,generation-vi
697,tyrantrum,ordinary,roca,dragon,82,121,119,69,59,71,521,generation-vi
698,amaura,ordinary,roca,hielo,77,59,50,67,63,46,362,generation-vi
699,aurorus,ordinary,roca,hielo,123,77,72,99,92,58,521,generation-vi
700,sylveon,ordinary,hada,,95,65,65,110,130,60,525,generation-vi
701,hawlucha,ordinary,lucha,volador,78,92,75,74,63,118,500,generation-vi
702,dedenne,ordinary,electrico,hada,67,58,57,81,67,101,431,generation-vi
703,carbink,ordinary,roca,hada,50,50,150,50,150,50,500,generation-vi
704,goomy,ordinary,dragon,,45,50,35,55,75,40,300,generation-vi
705,sliggoo,ordinary,dragon,,68,75,53,83,113,60,452,generation-vi
706,goodra,ordinary,dragon,,90,100,70,110,150,80,600,generation-vi
707,klefki,ordinary,acero,hada,57,80,91,80,87,75,470,generation-vi
708,phantump,ordinary,fantasma,planta,43,70,48,50,60,38,309,generation-vi
709,trevenant,ordinary,fantasma,planta,85,110,76,65,82,56,474,generation-vi
710,pumpkaboo,ordinary,fantasma,planta,49,66,70,44,55,51,335,generation-vi
711,gourgeist,ordinary,fantasma,planta,65,90,122,58,75,84,494,generation-vi
712,bergmite,ordinary,hielo,,55,69,85,32,35,28,304,generation-vi
713,avalugg,ordinary,hielo,,95,117,184,44,46,28,514,generation-vi
714,noibat,ordinary,volador,dragon,40,30,35,45,40,55,245,generation-vi
715,noivern,ordinary,volador,dragon,85,70,80,97,80,123,535,generation-vi
716,xerneas,legendary,hada,,126,131,95,131,98,99,680,generation-vi
717,yveltal,legendary,siniestro,volador,126,131,95,131,98,99,680,generation-vi
718,zygarde,legendary,dragon,tierra,108,100,121,81,95,95,600,generation-vi
719,diancie,mythical,roca,hada,50,100,150,100,150,50,600,generation-vi
720,hoopa,mythical,psiquico,fantasma,80,110,60,150,130,70,600,generation-vi
721,volcanion,mythical,fuego,agua,80,110,120,130,90,70,600,generation-vi
722,rowlet,ordinary,planta,volador,68,55,55,50,50,42,320,generation-vii
723,dartrix,ordinary,planta,volador,78,75,75,70,70,52,420,generation-vii
724,decidueye,ordinary,planta,fantasma,78,107,75,100,100,70,530,generation-vii
725,litten,ordinary,fuego,,45,65,40,60,40,70,320,generation-vii
726,torracat,ordinary,fuego,,65,85,50,80,50,90,420,generation-vii
727,incineroar,ordinary,fuego,siniestro,95,115,90,80,90,60,530,generation-vii
728,popplio,ordinary,agua,,50,54,54,66,56,40,320,generation-vii
729,brionne,ordinary,agua,,60,69,69,91,81,50,420,generation-vii
730,primarina,ordinary,agua,hada,80,74,74,126,116,60,530,generation-vii
731,pikipek,ordinary,normal,volador,35,75,30,30,30,65,265,generation-vii
732,trumbeak,ordinary,normal,volador,55,85,50,40,50,75,355,generation-vii
733,toucannon,ordinary,normal,volador,80,120,75,75,75,60,485,generation-vii
734,yungoos,ordinary,normal,,48,70,30,30,30,45,253,generation-vii
735,gumshoos,ordinary,normal,,88,110,60,55,60,45,418,generation-vii
736,grubbin,ordinary,bicho,,47,62,45,55,45,46,300,generation-vii
737,charjabug,ordinary,bicho,electrico,57,82,95,55,75,36,400,generation-vii
738,vikavolt,ordinary,bicho,electrico,77,70,90,145,75,43,500,generation-vii
739,crabrawler,ordinary,lucha,,47,82,57,42,47,63,338,generation-vii
740,crabominable,ordinary,lucha,hielo,97,132,77,62,67,43,478,generation-vii
741,oricorio,ordinary,fuego,volador,75,70,70,98,70,93,476,generation-vii
742,cutiefly,ordinary,bicho,hada,40,45,40,55,40,84,304,generation-vii
743,ribombee,ordinary,bicho,hada,60,55,60,95,70,124,464,generation-vii
744,rockruff,ordinary,roca,,45,65,40,30,40,60,280,generation-vii
745,lycanroc,ordinary,roca,,75,115,65,55,65,112,487,generation-vii
746,wishiwashi,ordinary,agua,,45,20,20,25,25,40,175,generation-vii
747,mareanie,ordinary,veneno,agua,50,53,62,43,52,45,305,generation-vii
748,toxapex,ordinary,veneno,agua,50,63,152,53,142,35,495,generation-vii
749,mudbray,ordinary,tierra,,70,100,70,45,55,45,385,generation-vii
750,mudsdale,ordinary,tierra,,100,125,100,55,85,35,500,generation-vii
751,dewpider,ordinary,agua,bicho,38,40,52,40,72,27,269,generation-vii
752,araquanid,ordinary,agua,bicho,68,70,92,50,132,42,454,generation-vii
753,fomantis,ordinary,planta,,40,55,35,50,35,35,250,generation-vii
754,lurantis,ordinary,planta,,70,105,90,80,90,45,480,generation-vii
755,morelull,ordinary,planta,hada,40,35,55,65,75,15,285,generation-vii
756,shiinotic,ordinary,planta,hada,60,45,80,90,100,30,405,generation-vii
757,salandit,ordinary,veneno,fuego,48,44,40,71,40,77,320,generation-vii
758,salazzle,ordinary,veneno,fuego,68,64,60,111,60,117,480,generation-vii
759,stufful,ordinary,normal,lucha,70,75,50,45,50,50,340,generation-vii
760,bewear,ordinary,normal,lucha,120,125,80,55,60,60,500,generation-vii
761,bounsweet,ordinary,planta,,42,30,38,30,38,32,210,generation-vii
762,steenee,ordinary,planta,,52,40,48,40,48,62,290,generation-vii
763,tsareena,ordinary,planta,,72,120,98,50,98,72,510,generation-vii
764,comfey,ordinary,hada,,51,52,90,82,110,100,485,generation-vii
765,oranguru,ordinary,normal,psiquico,90,60,80,90,110,60,490,generation-vii
766,passimian,ordinary,lucha,,100,120,90,40,60,80,490,generation-vii
767,wimpod,ordinary,bicho,agua,25,35,40,20,30,80,230,generation-vii
768,golisopod,ordinary,bicho,agua,75,125,140,60,90,40,530,generation-vii
769,sandygast,ordinary,fantasma,tierra,55,55,80,70,45,15,320,generation-vii
770,palossand,ordinary,fantasma,tierra,85,75,110,100,75,35,480,generation-vii
771,pyukumuku,ordinary,agua,,55,60,130,30,130,5,410,generation-vii
772,type-null,ordinary,normal,,95,95,95,95,95,59,534,generation-vii
773,silvally,legendary,normal,,95,95,95,95,95,95,570,generation-vii
774,minior,ordinary,roca,volador,60,60,100,60,100,60,440,generation-vii
775,komala,ordinary,normal,,65,115,65,75,95,65,480,generation-vii
776,turtonator,ordinary,fuego,dragon,60,78,135,91,85,36,485,generation-vii
777,togedemaru,ordinary,electrico,acero,65,98,63,40,73,96,435,generation-vii
778,mimikyu,ordinary,fantasma,hada,55,90,80,50,105,96,476,generation-vii
779,bruxish,ordinary,agua,psiquico,68,105,70,70,70,92,475,generation-vii
780,drampa,ordinary,normal,dragon,78,60,85,135,91,36,485,generation-vii
781,dhelmise,ordinary,fantasma,planta,70,131,100,86,90,40,517,generation-vii
782,jangmo-o,ordinary,dragon,,45,55,65,45,45,45,300,generation-vii
783,hakamo-o,ordinary,dragon,lucha,55,75,90,65,70,65,420,generation-vii
784,kommo-o,ordinary,dragon,lucha,75,110,125,100,105,85,600,generation-vii
785,tapu-koko,legendary,electrico,hada,70,115,85,95,75,130,570,generation-vii
786,tapu-lele,legendary,psiquico,hada,70,85,75,130,115,95,570,generation-vii
787,tapu-bulu,legendary,planta,hada,70,130,115,85,95,75,570,generation-vii
788,tapu-fini,legendary,agua,hada,70,75,115,95,130,85,570,generation-vii
789,cosmog,legendary,psiquico,,43,29,31,29,31,37,200,generation-vii
790,cosmoem,legendary,psiquico,,43,29,131,29,131,37,400,generation-vii
791,solgaleo,legendary,psiquico,acero,137,137,107,113,89,97,680,generation-vii
792,lunala,legendary,psiquico,fantasma,137,113,89,137,107,97,680,generation-vii
793,nihilego,ordinary,roca,veneno,109,53,47,127,131,103,570,generation-vii
794,buzzwole,ordinary,bicho,lucha,107,139,139,53,53,79,570,generation-vii
795,pheromosa,ordinary,bicho,lucha,71,137,37,137,37,151,570,generation-vii
796,xurkitree,ordinary,electrico,,83,89,71,173,71,83,570,generation-vii
797,celesteela,ordinary,acero,volador,97,101,103,107,101,61,570,generation-vii
798,kartana,ordinary,planta,acero,59,181,131,59,31,109,570,generation-vii
799,guzzlord,ordinary,siniestro,dragon,223,101,53,97,53,43,570,generation-vii
800,necrozma,legendary,psiquico,,97,107,101,127,89,79,600,generation-vii
801,magearna,mythical,acero,hada,80,95,115,130,115,65,600,generation-vii
802,marshadow,mythical,lucha,fantasma,90,125,80,90,90,125,600,generation-vii
803,poipole,ordinary,veneno,,67,73,67,73,67,73,420,generation-vii
804,naganadel,ordinary,veneno,dragon,73,73,73,127,73,121,540,generation-vii
805,stakataka,ordinary,roca,acero,61,131,211,53,101,13,570,generation-vii
806,blacephalon,ordinary,fuego,fantasma,53,127,53,151,79,107,570,generation-vii
807,zeraora,mythical,electrico,,88,112,75,102,80,143,600,generation-vii
808,meltan,mythical,acero,,46,65,65,55,35,34,300,generation-vii
809,melmetal,mythical,acero,,135,143,143,80,65,34,600,generation-vii
810,grookey,ordinary,planta,,50,65,50,40,40,65,310,generation-viii
811,thwackey,ordinary,planta,,70,85,70,55,60,80,420,generation-viii
812,rillaboom,ordinary,planta,,100,125,90,60,70,85,530,generation-viii
813,scorbunny,ordinary,fuego,,50,71,40,40,40,69,310,generation-viii
814,raboot,ordinary,fuego,,65,86,60,55,60,94,420,generation-viii
815,cinderace,ordinary,fuego,,80,116,75,65,75,119,530,generation-viii
816,sobble,ordinary,agua,,50,40,40,70,40,70,310,generation-viii
817,drizzile,ordinary,agua,,65,60,55,95,55,90,420,generation-viii
818,inteleon,ordinary,agua,,70,85,65,125,65,120,530,generation-viii
819,skwovet,ordinary,normal,,70,55,55,35,35,25,275,generation-viii
820,greedent,ordinary,normal,,120,95,95,55,75,20,460,generation-viii
821,rookidee,ordinary,volador,,38,47,35,33,35,57,245,generation-viii
822,corvisquire,ordinary,volador,,68,67,55,43,55,77,365,generation-viii
823,corviknight,ordinary,volador,acero,98,87,105,53,85,67,495,generation-viii
824,blipbug,ordinary,bicho,,25,20,20,25,45,45,180,generation-viii
825,dottler,ordinary,bicho,psiquico,50,35,80,50,90,30,335,generation-viii
826,orbeetle,ordinary,bicho,psiquico,60,45,110,80,120,90,505,generation-viii
827,nickit,ordinary,siniestro,,40,28,28,47,52,50,245,generation-viii
828,thievul,ordinary,siniestro,,70,58,58,87,92,90,455,generation-viii
829,gossifleur,ordinary,planta,,40,40,60,40,60,10,250,generation-viii
830,eldegoss,ordinary,planta,,60,50,90,80,120,60,460,generation-viii
831,wooloo,ordinary,normal,,42,40,55,40,45,48,270,generation-viii
832,dubwool,ordinary,normal,,72,80,100,60,90,88,490,generation-viii
833,chewtle,ordinary,agua,,50,64,50,38,38,44,284,generation-viii
834,drednaw,ordinary,agua,roca,90,115,90,48,68,74,485,generation-viii
835,yamper,ordinary,electrico,,59,45,50,40,50,26,270,generation-viii
836,boltund,ordinary,electrico,,69,90,60,90,60,121,490,generation-viii
837,rolycoly,ordinary,roca,,30,40,50,40,50,30,240,generation-viii
838,carkol,ordinary,roca,fuego,80,60,90,60,70,50,410,generation-viii
839,coalossal,ordinary,roca,fuego,110,80,120,80,90,30,510,generation-viii
840,applin,ordinary,planta,dragon,40,40,80,40,40,20,260,generation-viii
841,flapple,ordinary,planta,dragon,70,110,80,95,60,70,485,generation-viii
842,appletun,ordinary,planta,dragon,110,85,80,100,80,30,485,generation-viii
843,silicobra,ordinary,tierra,,52,57,75,35,50,46,315,generation-viii
844,sandaconda,ordinary,tierra,,72,107,125,65,70,71,510,generation-viii
845,cramorant,ordinary,volador,agua,70,85,55,85,95,85,475,generation-viii
846,arrokuda,ordinary,agua,,41,63,40,40,30,66,280,generation-viii
847,barraskewda,ordinary,agua,,61,123,60,60,50,136,490,generation-viii
848,toxel,baby,electrico,veneno,40,38,35,54,35,40,242,generation-viii
849,toxtricity,ordinary,electrico,veneno,75,98,70,114,70,75,502,generation-viii
850,sizzlipede,ordinary,fuego,bicho,50,65,45,50,50,45,305,generation-viii
851,centiskorch,ordinary,fuego,bicho,100,115,65,90,90,65,525,generation-viii
852,clobbopus,ordinary,lucha,,50,68,60,50,50,32,310,generation-viii
853,grapploct,ordinary,lucha,,80,118,90,70,80,42,480,generation-viii
854,sinistea,ordinary,fantasma,,40,45,45,74,54,50,308,generation-viii
855,polteageist,ordinary,fantasma,,60,65,65,134,114,70,508,generation-viii
856,hatenna,ordinary,psiquico,,42,30,45,56,53,39,265,generation-viii
857,hattrem,ordinary,psiquico,,57,40,65,86,73,49,370,generation-viii
858,hatterene,ordinary,psiquico,hada,57,90,95,136,103,29,510,generation-viii
859,impidimp,ordinary,siniestro,hada,45,45,30,55,40,50,265,generation-viii
860,morgrem,ordinary,siniestro,hada,65,60,45,75,55,70,370,generation-viii
861,grimmsnarl,ordinary,siniestro,hada,95,120,65,95,75,60,510,generation-viii
862,obstagoon,ordinary,siniestro,normal,93,90,101,60,81,95,520,generation-viii
863,perrserker,ordinary,acero,,70,110,100,50,60,50,440,generation-viii
864,cursola,ordinary,fantasma,,60,95,50,145,130,30,510,generation-viii
865,sirfetchd,ordinary,lucha,,62,135,95,68,82,65,507,generation-viii
866,mr-rime,ordinary,hielo,psiquico,80,85,75,110,100,70,520,generation-viii
867,runerigus,ordinary,tierra,fantasma,58,95,145,50,105,30,483,generation-viii
868,milcery,ordinary,hada,,45,40,40,50,61,34,270,generation-viii
869,alcremie,ordinary,hada,,65,60,75,110,121,64,495,generation-viii
870,falinks,ordinary,lucha,,65,100,100,70,60,75,470,generation-viii
871,pincurchin,ordinary,electrico,,48,101,95,91,85,15,435,generation-viii
872,snom,ordinary,hielo,bicho,30,25,35,45,30,20,185,generation-viii
873,frosmoth,ordinary,hielo,bicho,70,65,60,125,90,65,475,generation-viii
874,stonjourner,ordinary,roca,,100,125,135,20,20,70,470,generation-viii
875,eiscue,ordinary,hielo,,75,80,110,65,90,50,470,generation-viii
876,indeedee,ordinary,psiquico,normal,60,65,55,105,95,95,475,generation-viii
877,morpeko,ordinary,electrico,siniestro,58,95,58,70,58,97,436,generation-viii
878,cufant,ordinary,acero,,72,80,49,40,49,40,330,generation-viii
879,copperajah,ordinary,acero,,122,130,69,80,69,30,500,generation-viii
880,dracozolt,ordinary,electrico,dragon,90,100,90,80,70,75,505,generation-viii
881,arctozolt,ordinary,electrico,hielo,90,100,90,90,80,55,505,generation-viii
882,dracovish,ordinary,agua,dragon,90,90,100,70,80,75,505,generation-viii
883,arctovish,ordinary,agua,hielo,90,90,100,80,90,55,505,generation-viii
884,duraludon,ordinary,acero,dragon,70,95,115,120,50,85,535,generation-viii
885,dreepy,ordinary,dragon,fantasma,28,60,30,40,30,82,270,generation-viii
886,drakloak,ordinary,dragon,fantasma,68,80,50,60,50,102,410,generation-viii
887,dragapult,ordinary,dragon,fantasma,88,120,75,100,75,142,600,generation-viii
888,zacian,legendary,hada,,92,120,115,80,115,138,660,generation-viii
889,zamazenta,legendary,lucha,,92,120,115,80,115,138,660,generation-viii
890,eternatus,legendary,veneno,dragon,140,85,95,145,95,130,690,generation-viii
891,kubfu,legendary,lucha,,60,90,60,53,50,72,385,generation-viii
892,urshifu,legendary,lucha,siniestro,100,130,100,63,60,97,550,generation-viii
893,zarude,mythical,siniestro,planta,105,120,105,70,95,105,600,generation-viii
894,regieleki,legendary,electrico,,80,100,50,100,50,200,580,generation-viii
895,regidrago,legendary,dragon,,200,100,50,100,50,80,580,generation-viii
896,glastrier,legendary,hielo,,100,145,130,65,110,30,580,generation-viii
897,spectrier,legendary,fantasma,,100,65,60,145,80,130,580,generation-viii
898,calyrex,legendary,psiquico,planta,100,80,80,80,80,80,500,generation-viii
899,wyrdeer,ordinary,normal,psiquico,103,105,72,105,75,65,525,generation-viii
900,kleavor,ordinary,bicho,roca,70,135,95,45,70,85,500,generation-viii
901,ursaluna,ordinary,tierra,normal,130,140,105,45,80,50,550,generation-viii
902,basculegion,ordinary,agua,fantasma,120,112,65,80,75,78,530,generation-viii
903,sneasler,ordinary,lucha,veneno,80,130,60,40,80,120,510,generation-viii
904,overqwil,ordinary,siniestro,veneno,85,115,95,65,65,85,510,generation-viii
905,enamorus,legendary,hada,volador,74,115,70,135,80,106,580,generation-viii
906,sprigatito,ordinary,planta,,40,61,54,45,45,65,310,generation-ix
907,floragato,ordinary,planta,,61,80,63,60,63,83,410,generation-ix
908,meowscarada,ordinary,planta,siniestro,76,110,70,81,70,123,530,generation-ix
909,fuecoco,ordinary,fuego,,67,45,59,63,40,36,310,generation-ix
910,crocalor,ordinary,fuego,,81,55,78,90,58,49,411,generation-ix
911,skeledirge,ordinary,fuego,fantasma,104,75,100,110,75,66,530,generation-ix
912,quaxly,ordinary,agua,,55,65,45,50,45,50,310,generation-ix
913,quaxwell,ordinary,agua,,70,85,65,65,60,65,410,generation-ix
914,quaquaval,ordinary,agua,lucha,85,120,80,85,75,85,530,generation-ix
915,lechonk,ordinary,normal,,54,45,40,35,45,35,254,generation-ix
916,oinkologne,ordinary,normal,,110,100,75,59,80,65,489,generation-ix
917,tarountula,ordinary,bicho,,35,41,45,29,40,20,210,generation-ix
918,spidops,ordinary,bicho,,60,79,92,52,86,35,404,generation-ix
919,nymble,ordinary,bicho,,33,46,40,21,25,45,210,generation-ix
920,lokix,ordinary,bicho,siniestro,71,102,78,52,55,92,450,generation-ix
921,pawmi,ordinary,electrico,,45,50,20,40,25,60,240,generation-ix
922,pawmo,ordinary,electrico,lucha,60,75,40,50,40,85,350,generation-ix
923,pawmot,ordinary,electrico,lucha,70,115,70,70,60,105,490,generation-ix
924,tandemaus,ordinary,normal,,50,50,45,40,45,75,305,generation-ix
925,maushold,ordinary,normal,,74,75,70,65,75,111,470,generation-ix
926,fidough,ordinary,hada,,37,55,70,30,55,65,312,generation-ix
927,dachsbun,ordinary,hada,,57,80,115,50,80,95,477,generation-ix
928,smoliv,ordinary,planta,normal,41,35,45,58,51,30,260,generation-ix
929,dolliv,ordinary,planta,normal,52,53,60,78,78,33,354,generation-ix
930,arboliva,ordinary,planta,normal,78,69,90,125,109,39,510,generation-ix
931,squawkabilly,ordinary,normal,volador,82,96,51,45,51,92,417,generation-ix
932,nacli,ordinary,roca,,55,55,75,35,35,25,280,generation-ix
933,naclstack,ordinary,roca,,60,60,100,35,65,35,355,generation-ix
934,garganacl,ordinary,roca,,100,100,130,45,90,35,500,generation-ix
935,charcadet,ordinary,fuego,,40,50,40,50,40,35,255,generation-ix
936,armarouge,ordinary,fuego,psiquico,85,60,100,125,80,75,525,generation-ix
937,ceruledge,ordinary,fuego,fantasma,75,125,80,60,100,85,525,generation-ix
938,tadbulb,ordinary,electrico,,61,31,41,59,35,45,272,generation-ix
939,bellibolt,ordinary,electrico,,109,64,91,103,83,45,495,generation-ix
940,wattrel,ordinary,electrico,volador,40,40,35,55,40,70,280,generation-ix
941,kilowattrel,ordinary,electrico,volador,70,70,60,105,60,125,490,generation-ix
942,maschiff,ordinary,siniestro,,60,78,60,40,51,51,340,generation-ix
943,mabosstiff,ordinary,siniestro,,80,120,90,60,70,85,505,generation-ix
944,shroodle,ordinary,veneno,normal,40,65,35,40,35,75,290,generation-ix
945,grafaiai,ordinary,veneno,normal,63,95,65,80,72,110,485,generation-ix
946,bramblin,ordinary,planta,fantasma,40,65,30,45,35,60,275,generation-ix
947,brambleghast,ordinary,planta,fantasma,55,115,70,80,70,90,480,generation-ix
948,toedscool,ordinary,tierra,planta,40,40,35,50,100,70,335,generation-ix
949,toedscruel,ordinary,tierra,planta,80,70,65,80,120,100,515,generation-ix
950,klawf,ordinary,roca,,70,100,115,35,55,75,450,generation-ix
951,capsakid,ordinary,planta,,50,62,40,62,40,50,304,generation-ix
952,scovillain,ordinary,planta,fuego,65,108,65,108,65,75,486,generation-ix
953,rellor,ordinary,bicho,,41,50,60,31,58,30,270,generation-ix
954,rabsca,ordinary,bicho,psiquico,75,50,85,115,100,45,470,generation-ix
955,flittle,ordinary,psiquico,,30,35,30,55,30,75,255,generation-ix
956,espathra,ordinary,psiquico,,95,60,60,101,60,105,481,generation-ix
957,tinkatink,ordinary,hada,acero,50,45,45,35,64,58,297,generation-ix
958,tinkatuff,ordinary,hada,acero,65,55,55,45,82,78,380,generation-ix
959,tinkaton,ordinary,hada,acero,85,75,77,70,105,94,506,generation-ix
960,wiglett,ordinary,agua,,10,55,25,35,25,95,245,generation-ix
961,wugtrio,ordinary,agua,,35,100,50,50,70,120,425,generation-ix
962,bombirdier,ordinary,volador,siniestro,70,103,85,60,85,82,485,generation-ix
963,finizen,ordinary,agua,,70,45,40,45,40,75,315,generation-ix
964,palafin,ordinary,agua,,100,70,72,53,62,100,457,generation-ix
965,varoom,ordinary,acero,veneno,45,70,63,30,45,47,300,generation-ix
966,revavroom,ordinary,acero,veneno,80,119,90,54,67,90,500,generation-ix
967,cyclizar,ordinary,dragon,normal,70,95,65,85,65,121,501,generation-ix
968,orthworm,ordinary,acero,,70,85,145,60,55,65,480,generation-ix
969,glimmet,ordinary,roca,veneno,48,35,42,105,60,60,350,generation-ix
970,glimmora,ordinary,roca,veneno,83,55,90,130,81,86,525,generation-ix
971,greavard,ordinary,fantasma,,50,61,60,30,55,34,290,generation-ix
972,houndstone,ordinary,fantasma,,72,101,100,50,97,68,488,generation-ix
973,flamigo,ordinary,volador,lucha,82,115,74,75,64,90,500,generation-ix
974,cetoddle,ordinary,hielo,,108,68,45,30,40,43,334,generation-ix
975,cetitan,ordinary,hielo,,170,113,65,45,55,73,521,generation-ix
976,veluza,ordinary,agua,psiquico,90,102,73,78,65,70,478,generation-ix
977,dondozo,ordinary,agua,,150,100,115,65,65,35,530,generation-ix
978,tatsugiri,ordinary,dragon,agua,68,50,60,120,95,82,475,generation-ix
979,annihilape,ordinary,lucha,fantasma,110,115,80,50,90,90,535,generation-ix
980,clodsire,ordinary,veneno,tierra,130,75,60,45,100,20,430,generation-ix
981,farigiraf,ordinary,normal,psiquico,120,90,70,110,70,60,520,generation-ix
982,dudunsparce,ordinary,normal,,125,100,80,85,75,55,520,generation-ix
983,kingambit,ordinary,siniestro,acero,100,135,120,60,85,50,550,generation-ix
984,great-tusk,ordinary,tierra,lucha,115,131,131,53,53,87,570,generation-ix
985,scream-tail,ordinary,hada,psiquico,115,65,99,65,115,111,570,generation-ix
986,brute-bonnet,ordinary,planta,siniestro,111,127,99,79,99,55,570,generation-ix
987,flutter-mane,ordinary,fantasma,hada,55,55,55,135,135,135,570,generation-ix
988,slither-wing,ordinary,bicho,lucha,85,135,79,85,105,81,570,generation-ix
989,sandy-shocks,ordinary,electrico,tierra,85,81,97,121,85,101,570,generation-ix
990,iron-treads,ordinary,tierra,acero,90,112,120,72,70,106,570,generation-ix
991,iron-bundle,ordinary,hielo,agua,56,80,114,124,60,136,570,generation-ix
992,iron-hands,ordinary,lucha,electrico,154,140,108,50,68,50,570,generation-ix
993,iron-jugulis,ordinary,siniestro,volador,94,80,86,122,80,108,570,generation-ix
994,iron-moth,ordinary,fuego,veneno,80,70,60,140,110,110,570,generation-ix
995,iron-thorns,ordinary,roca,electrico,100,134,110,70,84,72,570,generation-ix
996,frigibax,ordinary,dragon,hielo,65,75,45,35,45,55,320,generation-ix
997,arctibax,ordinary,dragon,hielo,90,95,66,45,65,62,423,generation-ix
998,baxcalibur,ordinary,dragon,hielo,115,145,92,75,86,87,600,generation-ix
999,gimmighoul,ordinary,fantasma,,45,30,70,75,70,10,300,generation-ix
1000,gholdengo,ordinary,acero,fantasma,87,60,95,133,91,84,550,generation-ix
1001,wo-chien,legendary,siniestro,planta,85,85,100,95,135,70,570,generation-ix
1002,chien-pao,legendary,siniestro,hielo,80,120,80,90,65,135,570,generation-ix
1003,ting-lu,legendary,siniestro,tierra,155,110,125,55,80,45,570,generation-ix
1004,chi-yu,legendary,siniestro,fuego,55,80,80,135,120,100,570,generation-ix
1005,roaring-moon,ordinary,dragon,siniestro,105,139,71,55,101,119,590,generation-ix
1006,iron-valiant,ordinary,hada,lucha,74,130,90,120,60,116,590,generation-ix
1007,koraidon,legendary,lucha,dragon,100,135,115,85,100,135,670,generation-ix
1008,miraidon,legendary,electrico,dragon,100,85,100,135,115,135,670,generation-ix
1009,walking-wake,ordinary,agua,dragon,99,83,91,125,83,109,590,generation-ix
1010,iron-leaves,ordinary,planta,psiquico,90,130,88,70,108,104,590,generation-ix
1011,dipplin,ordinary,planta,dragon,80,80,110,95,80,40,485,generation-ix
1012,poltchageist,ordinary,planta,fantasma,40,45,45,74,54,50,308,generation-ix
1013,sinistcha,ordinary,planta,fantasma,71,60,106,121,80,70,508,generation-ix
1014,okidogi,legendary,veneno,lucha,88,128,115,58,86,80,555,generation-ix
1015,munkidori,legendary,veneno,psiquico,88,75,66,130,90,106,555,generation-ix
1016,fezandipiti,legendary,veneno,hada,88,91,82,70,125,99,555,generation-ix
1017,ogerpon,legendary,planta,,80,120,84,60,96,110,550,generation-ix
